region_code,name,level,kind,province_code
11,ACEH,province,,11
1101,KAB. SIMEULUE,regency,kab,11
1102,KAB. ACEH SINGKIL,regency,kab,11
1103,KAB. ACEH SELATAN,regency,kab,11
1104,KAB. ACEH TENGGARA,regency,kab,11
1105,KAB. ACEH TIMUR,regency,kab,11
1106,KAB. ACEH TENGAH,regency,kab,11
1107,KAB. ACEH BARAT,regency,kab,11
1108,KAB. ACEH BESAR,regency,kab,11
1109,KAB. PIDIE,regency,kab,11
1110,KAB. BIREUEN,regency,kab,11
1111,KAB. ACEH UTARA,regency,kab,11
1112,KAB. ACEH BARAT DAYA,regency,kab,11
1113,KAB. GAYO LUES,regency,kab,11
1114,KAB. ACEH TAMIANG,regency,kab,11
1115,KAB. NAGAN RAYA,regency,kab,11
1116,KAB. ACEH JAYA,regency,kab,11
1117,KAB. BENER MERIAH,regency,kab,11
1118,KAB. PIDIE JAYA,regency,kab,11
1171,KOTA BANDA ACEH,regency,kota,11
1172,KOTA SABANG,regency,kota,11
1173,KOTA LANGSA,regency,kota,11
1174,KOTA LHOKSEUMAWE,regency,kota,11
1175,KOTA SUBULUSSALAM,regency,kota,11
12,SUMATERA UTARA,province,,12
1201,KAB. NIAS,regency,kab,12
1202,KAB. MANDAILING NATAL,regency,kab,12
1203,KAB. TAPANULI SELATAN,regency,kab,12
1204,KAB. TAPANULI TENGAH,regency,kab,12
1205,KAB. TAPANULI UTARA,regency,kab,12
1206,KAB. TOBA,regency,kab,12
1207,KAB. LABUHANBATU,regency,kab,12
1208,KAB. ASAHAN,regency,kab,12
1209,KAB. SIMALUNGUN,regency,kab,12
1210,KAB. DAIRI,regency,kab,12
1211,KAB. KARO,regency,kab,12
1212,KAB. DELI SERDANG,regency,kab,12
1213,KAB. LANGKAT,regency,kab,12
1214,KAB. NIAS SELATAN,regency,kab,12
1215,KAB. HUMBANG HASUNDUTAN,regency,kab,12
1216,KAB. PAKPAK BHARAT,regency,kab,12
1217,KAB. SAMOSIR,regency,kab,12
1218,KAB. SERDANG BEDAGAI,regency,kab,12
1219,KAB. BATU BARA,regency,kab,12
1220,KAB. PADANG LAWAS UTARA,regency,kab,12
1221,KAB. PADANG LAWAS,regency,kab,12
1222,KAB. LABUHANBATU SELATAN,regency,kab,12
1223,KAB. LABUHANBATU UTARA,regency,kab,12
1224,KAB. NIAS UTARA,regency,kab,12
1225,KAB. NIAS BARAT,regency,kab,12
1271,KOTA SIBOLGA,regency,kota,12
1272,KOTA TANJUNG BALAI,regency,kota,12
1273,KOTA PEMATANGSIANTAR,regency,kota,12
1274,KOTA TEBING TINGGI,regency,kota,12
1275,KOTA MEDAN,regency,kota,12
1276,KOTA BINJAI,regency,kota,12
1277,KOTA PADANG SIDEMPUAN,regency,kota,12
1278,KOTA GUNUNGSITOLI,regency,kota,12
13,SUMATERA BARAT,province,,13
1301,KAB. KEPULAUAN MENTAWAI,regency,kab,13
1302,KAB. PESISIR SELATAN,regency,kab,13
1303,KAB. SOLOK,regency,kab,13
1304,KAB. SIJUNJUNG,regency,kab,13
1305,KAB. TANAH DATAR,regency,kab,13
1306,KAB. PADANG PARIAMAN,regency,kab,13
1307,KAB. AGAM,regency,kab,13
1308,KAB. LIMA PULUH KOTA,regency,kab,13
1309,KAB. PASAMAN,regency,kab,13
1310,KAB. SOLOK SELATAN,regency,kab,13
1311,KAB. DHARMASRAYA,regency,kab,13
1312,KAB. PASAMAN BARAT,regency,kab,13
1371,KOTA PADANG,regency,kota,13
1372,KOTA SOLOK,regency,kota,13
1373,KOTA SAWAHLUNTO,regency,kota,13
1374,KOTA PADANG PANJANG,regency,kota,13
1375,KOTA BUKITTINGGI,regency,kota,13
1376,KOTA PAYAKUMBUH,regency,kota,13
1377,KOTA PARIAMAN,regency,kota,13
14,RIAU,province,,14
1401,KAB. KUANTAN SINGINGI,regency,kab,14
1402,KAB. INDRAGIRI HULU,regency,kab,14
1403,KAB. INDRAGIRI HILIR,regency,kab,14
1404,KAB. PELALAWAN,regency,kab,14
1405,KAB. SIAK,regency,kab,14
1406,KAB. KAMPAR,regency,kab,14
1407,KAB. ROKAN HULU,regency,kab,14
1408,KAB. BENGKALIS,regency,kab,14
1409,KAB. ROKAN HILIR,regency,kab,14
1410,KAB. KEPULAUAN MERANTI,regency,kab,14
1471,KOTA PEKANBARU,regency,kota,14
1473,KOTA DUMAI,regency,kota,14
15,JAMBI,province,,15
1501,KAB. KERINCI,regency,kab,15
1502,KAB. MERANGIN,regency,kab,15
1503,KAB. SAROLANGUN,regency,kab,15
1504,KAB. BATANGHARI,regency,kab,15
1505,KAB. MUARO JAMBI,regency,kab,15
1506,KAB. TANJUNG JABUNG TIMUR,regency,kab,15
1507,KAB. TANJUNG JABUNG BARAT,regency,kab,15
1508,KAB. TEBO,regency,kab,15
1509,KAB. BUNGO,regency,kab,15
1571,KOTA JAMBI,regency,kota,15
1572,KOTA SUNGAI PENUH,regency,kota,15
16,SUMATERA SELATAN,province,,16
1601,KAB. OGAN KOMERING ULU,regency,kab,16
1602,KAB. OGAN KOMERING ILIR,regency,kab,16
1603,KAB. MUARA ENIM,regency,kab,16
1604,KAB. LAHAT,regency,kab,16
1605,KAB. MUSI RAWAS,regency,kab,16
1606,KAB. MUSI BANYUASIN,regency,kab,16
1607,KAB. BANYUASIN,regency,kab,16
1608,KAB. OGAN KOMERING ULU SELATAN,regency,kab,16
1609,KAB. OGAN KOMERING ULU TIMUR,regency,kab,16
1610,KAB. OGAN ILIR,regency,kab,16
1611,KAB. EMPAT LAWANG,regency,kab,16
1612,KAB. PENUKAL ABAB LEMATANG ILIR,regency,kab,16
1613,KAB. MUSI RAWAS UTARA,regency,kab,16
1671,KOTA PALEMBANG,regency,kota,16
1672,KOTA PRABUMULIH,regency,kota,16
1673,KOTA PAGAR ALAM,regency,kota,16
1674,KOTA LUBUK LINGGAU,regency,kota,16
17,BENGKULU,province,,17
1701,KAB. BENGKULU SELATAN,regency,kab,17
1702,KAB. REJANG LEBONG,regency,kab,17
1703,KAB. BENGKULU UTARA,regency,kab,17
1704,KAB. KAUR,regency,kab,17
1705,KAB. SELUMA,regency,kab,17
1706,KAB. MUKO MUKO,regency,kab,17
1707,KAB. LEBONG,regency,kab,17
1708,KAB. KEPAHIANG,regency,kab,17
1709,KAB. BENGKULU TENGAH,regency,kab,17
1771,KOTA BENGKULU,regency,kota,17
18,LAMPUNG,province,,18
1801,KAB. LAMPUNG BARAT,regency,kab,18
1802,KAB. TANGGAMUS,regency,kab,18
1803,KAB. LAMPUNG SELATAN,regency,kab,18
1804,KAB. LAMPUNG TIMUR,regency,kab,18
1805,KAB. LAMPUNG TENGAH,regency,kab,18
1806,KAB. LAMPUNG UTARA,regency,kab,18
1807,KAB. WAY KANAN,regency,kab,18
1808,KAB. TULANG BAWANG,regency,kab,18
1809,KAB. PESAWARAN,regency,kab,18
1810,KAB. PRINGSEWU,regency,kab,18
1811,KAB. MESUJI,regency,kab,18
1812,KAB. TULANG BAWANG BARAT,regency,kab,18
1813,KAB. PESISIR BARAT,regency,kab,18
1871,KOTA BANDAR LAMPUNG,regency,kota,18
1872,KOTA METRO,regency,kota,18
19,KEPULAUAN BANGKA BELITUNG,province,,19
1901,KAB. BANGKA,regency,kab,19
1902,KAB. BELITUNG,regency,kab,19
1903,KAB. BANGKA BARAT,regency,kab,19
1904,KAB. BANGKA TENGAH,regency,kab,19
1905,KAB. BANGKA SELATAN,regency,kab,19
1906,KAB. BELITUNG TIMUR,regency,kab,19
1971,KOTA PANGKAL PINANG,regency,kota,19
21,KEPULAUAN RIAU,province,,21
2101,KAB. KARIMUN,regency,kab,21
2102,KAB. BINTAN,regency,kab,21
2103,KAB. NATUNA,regency,kab,21
2104,KAB. LINGGA,regency,kab,21
2105,KAB. KEPULAUAN ANAMBAS,regency,kab,21
2171,KOTA BATAM,regency,kota,21
2172,KOTA TANJUNG PINANG,regency,kota,21
31,DKI JAKARTA,province,,31
3101,KAB. ADM. KEP. SERIBU,regency,kab,31
3171,KOTA ADM. JAKARTA SELATAN,regency,kota,31
3172,KOTA ADM. JAKARTA TIMUR,regency,kota,31
3173,KOTA ADM. JAKARTA PUSAT,regency,kota,31
3174,KOTA ADM. JAKARTA BARAT,regency,kota,31
3175,KOTA ADM. JAKARTA UTARA,regency,kota,31
32,JAWA BARAT,province,,32
3201,KAB. BOGOR,regency,kab,32
3202,KAB. SUKABUMI,regency,kab,32
3203,KAB. CIANJUR,regency,kab,32
3204,KAB. BANDUNG,regency,kab,32
3205,KAB. GARUT,regency,kab,32
3206,KAB. TASIKMALAYA,regency,kab,32
3207,KAB. CIAMIS,regency,kab,32
3208,KAB. KUNINGAN,regency,kab,32
3209,KAB. CIREBON,regency,kab,32
3210,KAB. MAJALENGKA,regency,kab,32
3211,KAB. SUMEDANG,regency,kab,32
3212,KAB. INDRAMAYU,regency,kab,32
3213,KAB. SUBANG,regency,kab,32
3214,KAB. PURWAKARTA,regency,kab,32
3215,KAB. KARAWANG,regency,kab,32
3216,KAB. BEKASI,regency,kab,32
3217,KAB. BANDUNG BARAT,regency,kab,32
3218,KAB. PANGANDARAN,regency,kab,32
3271,KOTA BOGOR,regency,kota,32
3272,KOTA SUKABUMI,regency,kota,32
3273,KOTA BANDUNG,regency,kota,32
3274,KOTA CIREBON,regency,kota,32
3275,KOTA BEKASI,regency,kota,32
3276,KOTA DEPOK,regency,kota,32
3277,KOTA CIMAHI,regency,kota,32
3278,KOTA TASIKMALAYA,regency,kota,32
3279,KOTA BANJAR,regency,kota,32
33,JAWA TENGAH,province,,33
3301,KAB. CILACAP,regency,kab,33
3302,KAB. BANYUMAS,regency,kab,33
3303,KAB. PURBALINGGA,regency,kab,33
3304,KAB. BANJARNEGARA,regency,kab,33
3305,KAB. KEBUMEN,regency,kab,33
3306,KAB. PURWOREJO,regency,kab,33
3307,KAB. WONOSOBO,regency,kab,33
3308,KAB. MAGELANG,regency,kab,33
3309,KAB. BOYOLALI,regency,kab,33
3310,KAB. KLATEN,regency,kab,33
3311,KAB. SUKOHARJO,regency,kab,33
3312,KAB. WONOGIRI,regency,kab,33
3313,KAB. KARANGANYAR,regency,kab,33
3314,KAB. SRAGEN,regency,kab,33
3315,KAB. GROBOGAN,regency,kab,33
3316,KAB. BLORA,regency,kab,33
3317,KAB. REMBANG,regency,kab,33
3318,KAB. PATI,regency,kab,33
3319,KAB. KUDUS,regency,kab,33
3320,KAB. JEPARA,regency,kab,33
3321,KAB. DEMAK,regency,kab,33
3322,KAB. SEMARANG,regency,kab,33
3323,KAB. TEMANGGUNG,regency,kab,33
3324,KAB. KENDAL,regency,kab,33
3325,KAB. BATANG,regency,kab,33
3326,KAB. PEKALONGAN,regency,kab,33
3327,KAB. PEMALANG,regency,kab,33
3328,KAB. TEGAL,regency,kab,33
3329,KAB. BREBES,regency,kab,33
3371,KOTA MAGELANG,regency,kota,33
3372,KOTA SURAKARTA,regency,kota,33
3373,KOTA SALATIGA,regency,kota,33
3374,KOTA SEMARANG,regency,kota,33
3375,KOTA PEKALONGAN,regency,kota,33
3376,KOTA TEGAL,regency,kota,33
34,DI YOGYAKARTA,province,,34
3401,KAB. KULON PROGO,regency,kab,34
3402,KAB. BANTUL,regency,kab,34
3403,KAB. GUNUNGKIDUL,regency,kab,34
3404,KAB. SLEMAN,regency,kab,34
3471,KOTA YOGYAKARTA,regency,kota,34
35,JAWA TIMUR,province,,35
3501,KAB. PACITAN,regency,kab,35
3502,KAB. PONOROGO,regency,kab,35
3503,KAB. TRENGGALEK,regency,kab,35
3504,KAB. TULUNGAGUNG,regency,kab,35
3505,KAB. BLITAR,regency,kab,35
3506,KAB. KEDIRI,regency,kab,35
3507,KAB. MALANG,regency,kab,35
3508,KAB. LUMAJANG,regency,kab,35
3509,KAB. JEMBER,regency,kab,35
3510,KAB. BANYUWANGI,regency,kab,35
3511,KAB. BONDOWOSO,regency,kab,35
3512,KAB. SITUBONDO,regency,kab,35
3513,KAB. PROBOLINGGO,regency,kab,35
3514,KAB. PASURUAN,regency,kab,35
3515,KAB. SIDOARJO,regency,kab,35
3516,KAB. MOJOKERTO,regency,kab,35
3517,KAB. JOMBANG,regency,kab,35
3518,KAB. NGANJUK,regency,kab,35
3519,KAB. MADIUN,regency,kab,35
3520,KAB. MAGETAN,regency,kab,35
3521,KAB. NGAWI,regency,kab,35
3522,KAB. BOJONEGORO,regency,kab,35
3523,KAB. TUBAN,regency,kab,35
3524,KAB. LAMONGAN,regency,kab,35
3525,KAB. GRESIK,regency,kab,35
3526,KAB. BANGKALAN,regency,kab,35
3527,KAB. SAMPANG,regency,kab,35
3528,KAB. PAMEKASAN,regency,kab,35
3529,KAB. SUMENEP,regency,kab,35
3571,KOTA KEDIRI,regency,kota,35
3572,KOTA BLITAR,regency,kota,35
3573,KOTA MALANG,regency,kota,35
3574,KOTA PROBOLINGGO,regency,kota,35
3575,KOTA PASURUAN,regency,kota,35
3576,KOTA MOJOKERTO,regency,kota,35
3577,KOTA MADIUN,regency,kota,35
3578,KOTA SURABAYA,regency,kota,35
3579,KOTA BATU,regency,kota,35
36,BANTEN,province,,36
3601,KAB. PANDEGLANG,regency,kab,36
3602,KAB. LEBAK,regency,kab,36
3603,KAB. TANGERANG,regency,kab,36
3604,KAB. SERANG,regency,kab,36
3671,KOTA TANGERANG,regency,kota,36
3672,KOTA CILEGON,regency,kota,36
3673,KOTA SERANG,regency,kota,36
3674,KOTA TANGERANG SELATAN,regency,kota,36
51,BALI,province,,51
5101,KAB. JEMBRANA,regency,kab,51
5102,KAB. TABANAN,regency,kab,51
5103,KAB. BADUNG,regency,kab,51
5104,KAB. GIANYAR,regency,kab,51
5105,KAB. KLUNGKUNG,regency,kab,51
5106,KAB. BANGLI,regency,kab,51
5107,KAB. KARANGASEM,regency,kab,51
5108,KAB. BULELENG,regency,kab,51
5171,KOTA DENPASAR,regency,kota,51
52,NUSA TENGGARA BARAT,province,,52
5201,KAB. LOMBOK BARAT,regency,kab,52
5202,KAB. LOMBOK TENGAH,regency,kab,52
5203,KAB. LOMBOK TIMUR,regency,kab,52
5204,KAB. SUMBAWA,regency,kab,52
5205,KAB. DOMPU,regency,kab,52
5206,KAB. BIMA,regency,kab,52
5207,KAB. SUMBAWA BARAT,regency,kab,52
5208,KAB. LOMBOK UTARA,regency,kab,52
5271,KOTA MATARAM,regency,kota,52
5272,KOTA BIMA,regency,kota,52
53,NUSA TENGGARA TIMUR,province,,53
5301,KAB. SUMBA BARAT,regency,kab,53
5302,KAB. SUMBA TIMUR,regency,kab,53
5303,KAB. KUPANG,regency,kab,53
5304,KAB TIMOR TENGAH SELATAN,regency,kab,53
5305,KAB. TIMOR TENGAH UTARA,regency,kab,53
5306,KAB. BELU,regency,kab,53
5307,KAB. ALOR,regency,kab,53
5308,KAB. LEMBATA,regency,kab,53
5309,KAB. FLORES TIMUR,regency,kab,53
5310,KAB. SIKKA,regency,kab,53
5311,KAB. ENDE,regency,kab,53
5312,KAB. NGADA,regency,kab,53
5313,KAB. MANGGARAI,regency,kab,53
5314,KAB. ROTE NDAO,regency,kab,53
5315,KAB. MANGGARAI BARAT,regency,kab,53
5316,KAB. SUMBA TENGAH,regency,kab,53
5317,KAB. SUMBA BARAT DAYA,regency,kab,53
5318,KAB. NAGEKEO,regency,kab,53
5319,KAB. MANGGARAI TIMUR,regency,kab,53
5320,KAB. SABU RAIJUA,regency,kab,53
5321,KAB. MALAKA,regency,kab,53
5371,KOTA KUPANG,regency,kota,53
61,KALIMANTAN BARAT,province,,61
6101,KAB. SAMBAS,regency,kab,61
6102,KAB. BENGKAYANG,regency,kab,61
6103,KAB. LANDAK,regency,kab,61
6104,KAB. MEMPAWAH,regency,kab,61
6105,KAB. SANGGAU,regency,kab,61
6106,KAB. KETAPANG,regency,kab,61
6107,KAB. SINTANG,regency,kab,61
6108,KAB. KAPUAS HULU,regency,kab,61
6109,KAB. SEKADAU,regency,kab,61
6110,KAB. MELAWI,regency,kab,61
6111,KAB. KAYONG UTARA,regency,kab,61
6112,KAB. KUBU RAYA,regency,kab,61
6171,KOTA PONTIANAK,regency,kota,61
6172,KOTA SINGKAWANG,regency,kota,61
62,KALIMANTAN TENGAH,province,,62
6201,KAB. KOTAWARINGIN BARAT,regency,kab,62
6202,KAB. KOTAWARINGIN TIMUR,regency,kab,62
6203,KAB. KAPUAS,regency,kab,62
6204,KAB. BARITO SELATAN,regency,kab,62
6205,KAB. BARITO UTARA,regency,kab,62
6206,KAB. SUKAMARA,regency,kab,62
6207,KAB. LAMANDAU,regency,kab,62
6208,KAB. SERUYAN,regency,kab,62
6209,KAB. KATINGAN,regency,kab,62
6210,KAB. PULANG PISAU,regency,kab,62
6211,KAB. GUNUNG MAS,regency,kab,62
6212,KAB. BARITO TIMUR,regency,kab,62
6213,KAB. MURUNG RAYA,regency,kab,62
6271,KOTA PALANGKARAYA,regency,kota,62
63,KALIMANTAN SELATAN,province,,63
6301,KAB. TANAH LAUT,regency,kab,63
6302,KAB. KOTABARU,regency,kab,63
6303,KAB. BANJAR,regency,kab,63
6304,KAB. BARITO KUALA,regency,kab,63
6305,KAB. TAPIN,regency,kab,63
6306,KAB. HULU SUNGAI SELATAN,regency,kab,63
6307,KAB. HULU SUNGAI TENGAH,regency,kab,63
6308,KAB. HULU SUNGAI UTARA,regency,kab,63
6309,KAB. TABALONG,regency,kab,63
6310,KAB. TANAH BUMBU,regency,kab,63
6311,KAB. BALANGAN,regency,kab,63
6371,KOTA BANJARMASIN,regency,kota,63
6372,KOTA BANJARBARU,regency,kota,63
64,KALIMANTAN TIMUR,province,,64
6401,KAB. PASER,regency,kab,64
6402,KAB. KUTAI BARAT,regency,kab,64
6403,KAB. KUTAI KARTANEGARA,regency,kab,64
6404,KAB. KUTAI TIMUR,regency,kab,64
6405,KAB. BERAU,regency,kab,64
6409,KAB. PENAJAM PASER UTARA,regency,kab,64
6411,KAB. MAHAKAM ULU,regency,kab,64
6471,KOTA BALIKPAPAN,regency,kota,64
6472,KOTA SAMARINDA,regency,kota,64
6474,KOTA BONTANG,regency,kota,64
65,KALIMANTAN UTARA,province,,65
6501,KAB. MALINAU,regency,kab,65
6502,KAB. BULUNGAN,regency,kab,65
6503,KAB. TANA TIDUNG,regency,kab,65
6504,KAB. NUNUKAN,regency,kab,65
6571,KOTA TARAKAN,regency,kota,65
71,SULAWESI UTARA,province,,71
7101,KAB. BOLAANG MONGONDOW,regency,kab,71
7102,KAB. MINAHASA,regency,kab,71
7103,KAB. KEPULAUAN SANGIHE,regency,kab,71
7104,KAB. KEPULAUAN TALAUD,regency,kab,71
7105,KAB. MINAHASA SELATAN,regency,kab,71
7106,KAB. MINAHASA UTARA,regency,kab,71
7107,KAB. BOLAANG MONGONDOW UTARA,regency,kab,71
7108,KAB. KEP. SIAU TAGULANDANG BIARO,regency,kab,71
7109,KAB. MINAHASA TENGGARA,regency,kab,71
7110,KAB. BOLAANG MONGONDOW SELATAN,regency,kab,71
7111,KAB. BOLAANG MONGONDOW TIMUR,regency,kab,71
7171,KOTA MANADO,regency,kota,71
7172,KOTA BITUNG,regency,kota,71
7173,KOTA TOMOHON,regency,kota,71
7174,KOTA KOTAMOBAGU,regency,kota,71
72,SULAWESI TENGAH,province,,72
7201,KAB. BANGGAI KEPULAUAN,regency,kab,72
7202,KAB. BANGGAI,regency,kab,72
7203,KAB. MOROWALI,regency,kab,72
7204,KAB. POSO,regency,kab,72
7205,KAB. DONGGALA,regency,kab,72
7206,KAB. TOLI TOLI,regency,kab,72
7207,KAB. BUOL,regency,kab,72
7208,KAB. PARIGI MOUTONG,regency,kab,72
7209,KAB. TOJO UNA UNA,regency,kab,72
7210,KAB. SIGI,regency,kab,72
7211,KAB. BANGGAI LAUT,regency,kab,72
7212,KAB. MOROWALI UTARA,regency,kab,72
7271,KOTA PALU,regency,kota,72
73,SULAWESI SELATAN,province,,73
7301,KAB. KEPULAUAN SELAYAR,regency,kab,73
7302,KAB. BULUKUMBA,regency,kab,73
7303,KAB. BANTAENG,regency,kab,73
7304,KAB. JENEPONTO,regency,kab,73
7305,KAB. TAKALAR,regency,kab,73
7306,KAB. GOWA,regency,kab,73
7307,KAB. SINJAI,regency,kab,73
7308,KAB. MAROS,regency,kab,73
7309,KAB. PANGKAJENE DAN KEPULAUAN,regency,kab,73
7310,KAB. BARRU,regency,kab,73
7311,KAB. BONE,regency,kab,73
7312,KAB. SOPPENG,regency,kab,73
7313,KAB. WAJO,regency,kab,73
7314,KAB. SIDENRENG RAPPANG,regency,kab,73
7315,KAB. PINRANG,regency,kab,73
7316,KAB. ENREKANG,regency,kab,73
7317,KAB. LUWU,regency,kab,73
7318,KAB. TANA TORAJA,regency,kab,73
7322,KAB. LUWU UTARA,regency,kab,73
7325,KAB. LUWU TIMUR,regency,kab,73
7326,KAB. TORAJA UTARA,regency,kab,73
7371,KOTA MAKASSAR,regency,kota,73
7372,KOTA PAREPARE,regency,kota,73
7373,KOTA PALOPO,regency,kota,73
74,SULAWESI TENGGARA,province,,74
7401,KAB. BUTON,regency,kab,74
7402,KAB. MUNA,regency,kab,74
7403,KAB. KONAWE,regency,kab,74
7404,KAB. KOLAKA,regency,kab,74
7405,KAB. KONAWE SELATAN,regency,kab,74
7406,KAB. BOMBANA,regency,kab,74
7407,KAB. WAKATOBI,regency,kab,74
7408,KAB. KOLAKA UTARA,regency,kab,74
7409,KAB. BUTON UTARA,regency,kab,74
7410,KAB. KONAWE UTARA,regency,kab,74
7411,KAB. KOLAKA TIMUR,regency,kab,74
7412,KAB. KONAWE KEPULAUAN,regency,kab,74
7413,KAB. MUNA BARAT,regency,kab,74
7414,KAB. BUTON TENGAH,regency,kab,74
7415,KAB. BUTON SELATAN,regency,kab,74
7471,KOTA KENDARI,regency,kota,74
7472,KOTA BAU BAU,regency,kota,74
75,GORONTALO,province,,75
7501,KAB. BOALEMO,regency,kab,75
7502,KAB. GORONTALO,regency,kab,75
7503,KAB. POHUWATO,regency,kab,75
7504,KAB. BONE BOLANGO,regency,kab,75
7505,KAB. GORONTALO UTARA,regency,kab,75
7571,KOTA GORONTALO,regency,kota,75
76,SULAWESI BARAT,province,,76
7601,KAB. MAJENE,regency,kab,76
7602,KAB. POLEWALI MANDAR,regency,kab,76
7603,KAB. MAMASA,regency,kab,76
7604,KAB. MAMUJU,regency,kab,76
7605,KAB. PASANGKAYU,regency,kab,76
7606,KAB. MAMUJU TENGAH,regency,kab,76
81,MALUKU,province,,81
8101,KAB. KEPULAUAN TANIMBAR,regency,kab,81
8102,KAB. MALUKU TENGGARA,regency,kab,81
8103,KAB. MALUKU TENGAH,regency,kab,81
8104,KAB. BURU,regency,kab,81
8105,KAB. KEPULAUAN ARU,regency,kab,81
8106,KAB. SERAM BAGIAN BARAT,regency,kab,81
8107,KAB. SERAM BAGIAN TIMUR,regency,kab,81
8108,KAB. MALUKU BARAT DAYA,regency,kab,81
8109,KAB. BURU SELATAN,regency,kab,81
8171,KOTA AMBON,regency,kota,81
8172,KOTA TUAL,regency,kota,81
82,MALUKU UTARA,province,,82
8201,KAB. HALMAHERA BARAT,regency,kab,82
8202,KAB. HALMAHERA TENGAH,regency,kab,82
8203,KAB. KEPULAUAN SULA,regency,kab,82
8204,KAB. HALMAHERA SELATAN,regency,kab,82
8205,KAB. HALMAHERA UTARA,regency,kab,82
8206,KAB. HALMAHERA TIMUR,regency,kab,82
8207,KAB. PULAU MOROTAI,regency,kab,82
8208,KAB. PULAU TALIABU,regency,kab,82
8271,KOTA TERNATE,regency,kota,82
8272,KOTA TIDORE KEPULAUAN,regency,kota,82
91,PAPUA BARAT,province,,91
9101,KAB. FAK FAK,regency,kab,91
9102,KAB. KAIMANA,regency,kab,91
9103,KAB. TELUK WONDAMA,regency,kab,91
9104,KAB. TELUK BINTUNI,regency,kab,91
9105,KAB. MANOKWARI,regency,kab,91
9111,KAB. MANOKWARI SELATAN,regency,kab,91
9112,KAB. PEGUNUNGAN ARFAK,regency,kab,91
92,PAPUA BARAT DAYA,province,,92
9201,KAB. RAJA AMPAT,regency,kab,92
9202,KAB. SORONG,regency,kab,92
9203,KAB. SORONG SELATAN,regency,kab,92
9204,KAB. MAYBRAT,regency,kab,92
9205,KAB. TAMBRAUW,regency,kab,92
9271,KOTA SORONG,regency,kota,92
94,PAPUA,province,,94
9403,KAB. JAYAPURA,regency,kab,94
9408,KAB. KEPULAUAN YAPEN,regency,kab,94
9409,KAB. BIAK NUMFOR,regency,kab,94
9419,KAB. SARMI,regency,kab,94
9420,KAB. KEEROM,regency,kab,94
9426,KAB. WAROPEN,regency,kab,94
9427,KAB. SUPIORI,regency,kab,94
9428,KAB. MAMBERAMO RAYA,regency,kab,94
9471,KOTA JAYAPURA,regency,kota,94
95,PAPUA SELATAN,province,,95
9501,KAB. MERAUKE,regency,kab,95
9502,KAB. BOVEN DIGOEL,regency,kab,95
9503,KAB. MAPPI,regency,kab,95
9504,KAB. ASMAT,regency,kab,95
96,PAPUA TENGAH,province,,96
9601,KAB. MIMIKA,regency,kab,96
9602,KAB. DOGIYAI,regency,kab,96
9603,KAB. DEIYAI,regency,kab,96
9604,KAB. NABIRE,regency,kab,96
9605,KAB. PANIAI,regency,kab,96
9606,KAB. INTAN JAYA,regency,kab,96
9607,KAB. PUNCAK,regency,kab,96
9608,KAB. PUNCAK JAYA,regency,kab,96
97,PAPUA PEGUNUNGAN,province,,97
9701,KAB. NDUGA,regency,kab,97
9702,KAB. JAYAWIJAYA,regency,kab,97
9703,KAB. LANNY JAYA,regency,kab,97
9704,KAB. TOLIKARA,regency,kab,97
9705,KAB. MAMBERAMO TENGAH,regency,kab,97
9706,KAB. YALIMO,regency,kab,97
9707,KAB. YAHUKIMO,regency,kab,97
9708,KAB. PEGUNUNGAN BINTANG,regency,kab,97
